<?xml version="1.0" encoding="UTF-8" ?>  
<!DOCTYPE generatorConfiguration PUBLIC "-//mybatis.org//DTD MyBatis Generator Configuration 1.0//EN" "http://mybatis.org/dtd/mybatis-generator-config_1_0.dtd" >
<generatorConfiguration>
	<!-- 引入配置文件 -->
	<properties resource="mybatis-generator.properties" />
	<!-- 指定数据连接驱动jar地址 -->
	<classPathEntry location="${generator.classPath}" />
	<!-- 一个数据库一个context -->
	<context id="BuildingTables" targetRuntime="Mybatis3">
		<!-- defaultModelType="hierarchical" -->
		<property name="javaFileEncoding" value="UTF-8" />
		<property name="suppressTypeWarnings" value="true" />

		<plugin type="org.mybatis.generator.plugins.SerializablePlugin" />
		<plugin type="org.mybatis.generator.plugins.CaseInsensitiveLikePlugin" />
		<plugin type="org.mybatis.generator.plugins.RowBoundsPlugin" />
		<plugin type="org.mybatis.generator.plugins.ToStringPlugin" />
		<plugin type="org.mybatis.generator.plugins.CachePlugin" />


		<plugin type="org.mybatis.generator.plugins.MapperConfigPlugin">
			<property name="fileName" value="${generator.mapperConfigFilename}" />
			<property name="targetPackage" value="${generator.mapperPackage}" />
			<property name="targetProject"
				value="${generator.targetProject}/src/main/resources" />
		</plugin>
		<plugin type="org.mybatis.generator.plugins.RenameExampleClassPlugin">
			<property name="searchString" value="Example$" />
			<property name="replaceString" value="Criteria" />
		</plugin>

		<!-- 注释 -->
		<commentGenerator>
			<property name="suppressAllComments" value="true" /><!-- 是否取消注释 -->
			<property name="suppressDate" value="true" /> <!-- 是否生成注释代时间戳 -->
		</commentGenerator>

		<!-- jdbc连接 -->
		<jdbcConnection driverClass="${jdbc.driverClassName}"
			connectionURL="${jdbc.url}" userId="${jdbc.username}" password="${jdbc.password}" />
		<!-- 类型转换 -->
		<javaTypeResolver>
			<!-- 是否使用bigDecimal， false可自动转化以下类型（Long, Integer, Short, etc.） -->
			<property name="forceBigDecimals" value="false" />
		</javaTypeResolver>

		<!-- 生成实体类地址 -->
		<javaModelGenerator targetPackage="${generator.domainPackage}"
			targetProject="${generator.targetProject}/src/main/java">
			<!-- 是否在当前路径下新加一层schema,eg：fase路径com.oop.eksp.user.model， true:com.oop.eksp.user.model.[schemaName] -->
			<property name="enableSubPackages" value="true" />
			<!-- 是否针对string类型的字段在set的时候进行trim调用 -->
			<property name="trimStrings" value="true" />
		</javaModelGenerator>

		<!-- 生成mapxml文件 -->
		<sqlMapGenerator targetPackage="${generator.mapperPackage}"
			targetProject="${generator.targetProject}/src/main/resources">
			<!-- 是否在当前路径下新加一层schema,eg：fase路径com.oop.eksp.user.model， true:com.oop.eksp.user.model.[schemaName] -->
			<property name="enableSubPackages" value="true" />
		</sqlMapGenerator>

		<!-- 生成mapxml对应client，也就是接口dao -->
		<javaClientGenerator targetPackage="${generator.daoPackage}"
			targetProject="${generator.targetProject}/src/main/java" type="XMLMAPPER">
			<!-- 是否在当前路径下新加一层schema,eg：fase路径com.oop.eksp.user.model， true:com.oop.eksp.user.model.[schemaName] -->
			<property name="enableSubPackages" value="true" />
		</javaClientGenerator>

		<!-- 配置表信息 -->
		<table schema="Boot" tableName="t_role" domainObjectName="Role" />

	</context>
</generatorConfiguration>  