<?xml version="1.0" encoding="UTF-8" ?>
<!DOCTYPE mapper PUBLIC "-//mybatis.org//DTD Mapper 3.0//EN" "http://mybatis.org/dtd/mybatis-3-mapper.dtd" >
<mapper namespace="com.eric.demo.api.user.dao.UserMapper" >
  <resultMap id="BaseResultMap" type="com.eric.demo.api.user.domain.User" >
    <id column="id" property="id" jdbcType="VARCHAR" />
    <result column="username" property="username" jdbcType="VARCHAR" />
    <result column="password" property="password" jdbcType="VARCHAR" />
    <result column="create_by" property="createBy" jdbcType="VARCHAR" />
    <result column="create_date" property="createDate" jdbcType="DATE" />
    <result column="last_modified_by" property="lastModifiedBy" jdbcType="VARCHAR" />
    <result column="last_modified_date" property="lastModifiedDate" jdbcType="DATE" />
  </resultMap>
  <sql id="Example_Where_Clause" >
    <where >
      <foreach collection="oredCriteria" item="criteria" separator="or" >
        <if test="criteria.valid" >
          <trim prefix="(" suffix=")" prefixOverrides="and" >
            <foreach collection="criteria.criteria" item="criterion" >
              <choose >
                <when test="criterion.noValue" >
                  and ${criterion.condition}
                </when>
                <when test="criterion.singleValue" >
                  and ${criterion.condition} #{criterion.value}
                </when>
                <when test="criterion.betweenValue" >
                  and ${criterion.condition} #{criterion.value} and #{criterion.secondValue}
                </when>
                <when test="criterion.listValue" >
                  and ${criterion.condition}
                  <foreach collection="criterion.value" item="listItem" open="(" close=")" separator="," >
                    #{listItem}
                  </foreach>
                </when>
              </choose>
            </foreach>
          </trim>
        </if>
      </foreach>
    </where>
  </sql>
  <sql id="Update_By_Example_Where_Clause" >
    <where >
      <foreach collection="example.oredCriteria" item="criteria" separator="or" >
        <if test="criteria.valid" >
          <trim prefix="(" suffix=")" prefixOverrides="and" >
            <foreach collection="criteria.criteria" item="criterion" >
              <choose >
                <when test="criterion.noValue" >
                  and ${criterion.condition}
                </when>
                <when test="criterion.singleValue" >
                  and ${criterion.condition} #{criterion.value}
                </when>
                <when test="criterion.betweenValue" >
                  and ${criterion.condition} #{criterion.value} and #{criterion.secondValue}
                </when>
                <when test="criterion.listValue" >
                  and ${criterion.condition}
                  <foreach collection="criterion.value" item="listItem" open="(" close=")" separator="," >
                    #{listItem}
                  </foreach>
                </when>
              </choose>
            </foreach>
          </trim>
        </if>
      </foreach>
    </where>
  </sql>
  <sql id="Base_Column_List" >
    id, username, password, create_by, create_date, last_modified_by, last_modified_date
  </sql>
  <select id="selectByExample" resultMap="BaseResultMap" parameterType="com.eric.demo.api.user.domain.UserCriteria" >
    select
    <if test="distinct" >
      distinct
    </if>
    <include refid="Base_Column_List" />
    from t_user
    <if test="_parameter != null" >
      <include refid="Example_Where_Clause" />
    </if>
    <if test="orderByClause != null" >
      order by ${orderByClause}
    </if>
  </select>
  <select id="selectByPrimaryKey" resultMap="BaseResultMap" parameterType="java.lang.String" >
    select 
    <include refid="Base_Column_List" />
    from t_user
    where id = #{id,jdbcType=VARCHAR}
  </select>
  <delete id="deleteByPrimaryKey" parameterType="java.lang.String" >
    delete from t_user
    where id = #{id,jdbcType=VARCHAR}
  </delete>
  <delete id="deleteByExample" parameterType="com.eric.demo.api.user.domain.UserCriteria" >
    delete from t_user
    <if test="_parameter != null" >
      <include refid="Example_Where_Clause" />
    </if>
  </delete>
  <insert id="insert" parameterType="com.eric.demo.api.user.domain.User" >
    insert into t_user (id, username, password, 
      create_by, create_date, last_modified_by, 
      last_modified_date)
    values (#{id,jdbcType=VARCHAR}, #{username,jdbcType=VARCHAR}, #{password,jdbcType=VARCHAR}, 
      #{createBy,jdbcType=VARCHAR}, #{createDate,jdbcType=DATE}, #{lastModifiedBy,jdbcType=VARCHAR}, 
      #{lastModifiedDate,jdbcType=DATE})
  </insert>
  <insert id="insertSelective" parameterType="com.eric.demo.api.user.domain.User" >
    insert into t_user
    <trim prefix="(" suffix=")" suffixOverrides="," >
      <if test="id != null" >
        id,
      </if>
      <if test="username != null" >
        username,
      </if>
      <if test="password != null" >
        password,
      </if>
      <if test="createBy != null" >
        create_by,
      </if>
      <if test="createDate != null" >
        create_date,
      </if>
      <if test="lastModifiedBy != null" >
        last_modified_by,
      </if>
      <if test="lastModifiedDate != null" >
        last_modified_date,
      </if>
    </trim>
    <trim prefix="values (" suffix=")" suffixOverrides="," >
      <if test="id != null" >
        #{id,jdbcType=VARCHAR},
      </if>
      <if test="username != null" >
        #{username,jdbcType=VARCHAR},
      </if>
      <if test="password != null" >
        #{password,jdbcType=VARCHAR},
      </if>
      <if test="createBy != null" >
        #{createBy,jdbcType=VARCHAR},
      </if>
      <if test="createDate != null" >
        #{createDate,jdbcType=DATE},
      </if>
      <if test="lastModifiedBy != null" >
        #{lastModifiedBy,jdbcType=VARCHAR},
      </if>
      <if test="lastModifiedDate != null" >
        #{lastModifiedDate,jdbcType=DATE},
      </if>
    </trim>
  </insert>
  <select id="countByExample" parameterType="com.eric.demo.api.user.domain.UserCriteria" resultType="java.lang.Integer" >
    select count(*) from t_user
    <if test="_parameter != null" >
      <include refid="Example_Where_Clause" />
    </if>
  </select>
  <update id="updateByExampleSelective" parameterType="map" >
    update t_user
    <set >
      <if test="record.id != null" >
        id = #{record.id,jdbcType=VARCHAR},
      </if>
      <if test="record.username != null" >
        username = #{record.username,jdbcType=VARCHAR},
      </if>
      <if test="record.password != null" >
        password = #{record.password,jdbcType=VARCHAR},
      </if>
      <if test="record.createBy != null" >
        create_by = #{record.createBy,jdbcType=VARCHAR},
      </if>
      <if test="record.createDate != null" >
        create_date = #{record.createDate,jdbcType=DATE},
      </if>
      <if test="record.lastModifiedBy != null" >
        last_modified_by = #{record.lastModifiedBy,jdbcType=VARCHAR},
      </if>
      <if test="record.lastModifiedDate != null" >
        last_modified_date = #{record.lastModifiedDate,jdbcType=DATE},
      </if>
    </set>
    <if test="_parameter != null" >
      <include refid="Update_By_Example_Where_Clause" />
    </if>
  </update>
  <update id="updateByExample" parameterType="map" >
    update t_user
    set id = #{record.id,jdbcType=VARCHAR},
      username = #{record.username,jdbcType=VARCHAR},
      password = #{record.password,jdbcType=VARCHAR},
      create_by = #{record.createBy,jdbcType=VARCHAR},
      create_date = #{record.createDate,jdbcType=DATE},
      last_modified_by = #{record.lastModifiedBy,jdbcType=VARCHAR},
      last_modified_date = #{record.lastModifiedDate,jdbcType=DATE}
    <if test="_parameter != null" >
      <include refid="Update_By_Example_Where_Clause" />
    </if>
  </update>
  <update id="updateByPrimaryKeySelective" parameterType="com.eric.demo.api.user.domain.User" >
    update t_user
    <set >
      <if test="username != null" >
        username = #{username,jdbcType=VARCHAR},
      </if>
      <if test="password != null" >
        password = #{password,jdbcType=VARCHAR},
      </if>
      <if test="createBy != null" >
        create_by = #{createBy,jdbcType=VARCHAR},
      </if>
      <if test="createDate != null" >
        create_date = #{createDate,jdbcType=DATE},
      </if>
      <if test="lastModifiedBy != null" >
        last_modified_by = #{lastModifiedBy,jdbcType=VARCHAR},
      </if>
      <if test="lastModifiedDate != null" >
        last_modified_date = #{lastModifiedDate,jdbcType=DATE},
      </if>
    </set>
    where id = #{id,jdbcType=VARCHAR}
  </update>
  <update id="updateByPrimaryKey" parameterType="com.eric.demo.api.user.domain.User" >
    update t_user
    set username = #{username,jdbcType=VARCHAR},
      password = #{password,jdbcType=VARCHAR},
      create_by = #{createBy,jdbcType=VARCHAR},
      create_date = #{createDate,jdbcType=DATE},
      last_modified_by = #{lastModifiedBy,jdbcType=VARCHAR},
      last_modified_date = #{lastModifiedDate,jdbcType=DATE}
    where id = #{id,jdbcType=VARCHAR}
  </update>
  <select resultMap="BaseResultMap" parameterType="com.eric.demo.api.user.domain.UserCriteria" id="selectByExampleWithRowbounds" >
    select
    <if test="distinct" >
      distinct
    </if>
    <include refid="Base_Column_List" />
    from t_user
    <if test="_parameter != null" >
      <include refid="Example_Where_Clause" />
    </if>
    <if test="orderByClause != null" >
      order by ${orderByClause}
    </if>
  </select>
  <cache />
</mapper>